{
  "2000": {
    "name": "Abilene Christian Wildcats",
    "slug": "abilene-christian-wildcats",
    "abbr": "ACU",
    "location": "Abilene Christian"
  },
  "2005": {
    "name": "Air Force Falcons",
    "slug": "air-force-falcons",
    "abbr": "AF",
    "location": "Air Force"
  },
  "2006": {
    "name": "Akron Zips",
    "slug": "akron-zips",
    "abbr": "AKR",
    "location": "Akron"
  },
  "2010": {
    "name": "Alabama A&M Bulldogs",
    "slug": "alabama-am-bulldogs",
    "abbr": "AAMU",
    "location": "Alabama A&M"
  },
  "333": {
    "name": "Alabama Crimson Tide",
    "slug": "alabama-crimson-tide",
    "abbr": "ALA",
    "location": "Alabama"
  },
  "2011": {
    "name": "Alabama State Hornets",
    "slug": "alabama-state-hornets",
    "abbr": "ALST",
    "location": "Alabama State"
  },
  "2016": {
    "name": "Alcorn State Braves",
    "slug": "alcorn-state-braves",
    "abbr": "ALCN",
    "location": "Alcorn State"
  },
  "44": {
    "name": "American University Eagles",
    "slug": "american-university-eagles",
    "abbr": "AMER",
    "location": "American University"
  },
  "2026": {
    "name": "App State Mountaineers",
    "slug": "app-state-mountaineers",
    "abbr": "APP",
    "location": "App State"
  },
  "9": {
    "name": "Arizona State Sun Devils",
    "slug": "arizona-state-sun-devils",
    "abbr": "ASU",
    "location": "Arizona State"
  },
  "12": {
    "name": "Arizona Wildcats",
    "slug": "arizona-wildcats",
    "abbr": "ARIZ",
    "location": "Arizona"
  },
  "8": {
    "name": "Arkansas Razorbacks",
    "slug": "arkansas-razorbacks",
    "abbr": "ARK",
    "location": "Arkansas"
  },
  "2032": {
    "name": "Arkansas State Red Wolves",
    "slug": "arkansas-state-red-wolves",
    "abbr": "ARST",
    "location": "Arkansas State"
  },
  "2029": {
    "name": "Arkansas-Pine Bluff Golden Lions",
    "slug": "arkansas-pine-bluff-golden-lions",
    "abbr": "UAPB",
    "location": "Arkansas-Pine Bluff"
  },
  "349": {
    "name": "Army Black Knights",
    "slug": "army-black-knights",
    "abbr": "ARMY",
    "location": "Army"
  },
  "2": {
    "name": "Auburn Tigers",
    "slug": "auburn-tigers",
    "abbr": "AUB",
    "location": "Auburn"
  },
  "2046": {
    "name": "Austin Peay Governors",
    "slug": "austin-peay-governors",
    "abbr": "APSU",
    "location": "Austin Peay"
  },
  "252": {
    "name": "BYU Cougars",
    "slug": "byu-cougars",
    "abbr": "BYU",
    "location": "BYU"
  },
  "2050": {
    "name": "Ball State Cardinals",
    "slug": "ball-state-cardinals",
    "abbr": "BALL",
    "location": "Ball State"
  },
  "239": {
    "name": "Baylor Bears",
    "slug": "baylor-bears",
    "abbr": "BAY",
    "location": "Baylor"
  },
  "91": {
    "name": "Bellarmine Knights",
    "slug": "bellarmine-knights",
    "abbr": "BELL",
    "location": "Bellarmine"
  },
  "2057": {
    "name": "Belmont Bruins",
    "slug": "belmont-bruins",
    "abbr": "BEL",
    "location": "Belmont"
  },
  "2065": {
    "name": "Bethune-Cookman Wildcats",
    "slug": "bethune-cookman-wildcats",
    "abbr": "BCU",
    "location": "Bethune-Cookman"
  },
  "2066": {
    "name": "Binghamton Bearcats",
    "slug": "binghamton-bearcats",
    "abbr": "BING",
    "location": "Binghamton"
  },
  "68": {
    "name": "Boise State Broncos",
    "slug": "boise-state-broncos",
    "abbr": "BOIS",
    "location": "Boise State"
  },
  "103": {
    "name": "Boston College Eagles",
    "slug": "boston-college-eagles",
    "abbr": "BC",
    "location": "Boston College"
  },
  "104": {
    "name": "Boston University Terriers",
    "slug": "boston-university-terriers",
    "abbr": "BU",
    "location": "Boston University"
  },
  "189": {
    "name": "Bowling Green Falcons",
    "slug": "bowling-green-falcons",
    "abbr": "BGSU",
    "location": "Bowling Green"
  },
  "71": {
    "name": "Bradley Braves",
    "slug": "bradley-braves",
    "abbr": "BRAD",
    "location": "Bradley"
  },
  "225": {
    "name": "Brown Bears",
    "slug": "brown-bears",
    "abbr": "BRWN",
    "location": "Brown"
  },
  "2803": {
    "name": "Bryant Bulldogs",
    "slug": "bryant-bulldogs",
    "abbr": "BRY",
    "location": "Bryant"
  },
  "2083": {
    "name": "Bucknell Bison",
    "slug": "bucknell-bison",
    "abbr": "BUCK",
    "location": "Bucknell"
  },
  "2084": {
    "name": "Buffalo Bulls",
    "slug": "buffalo-bulls",
    "abbr": "BUF",
    "location": "Buffalo"
  },
  "2086": {
    "name": "Butler Bulldogs",
    "slug": "butler-bulldogs",
    "abbr": "BUT",
    "location": "Butler"
  },
  "13": {
    "name": "Cal Poly Mustangs",
    "slug": "cal-poly-mustangs",
    "abbr": "CP",
    "location": "Cal Poly"
  },
  "2934": {
    "name": "Cal State Bakersfield Roadrunners",
    "slug": "cal-state-bakersfield-roadrunners",
    "abbr": "CSUB",
    "location": "Cal State Bakersfield"
  },
  "2239": {
    "name": "Cal State Fullerton Titans",
    "slug": "cal-state-fullerton-titans",
    "abbr": "CSUF",
    "location": "Cal State Fullerton"
  },
  "2463": {
    "name": "Cal State Northridge Matadors",
    "slug": "cal-state-northridge-matadors",
    "abbr": "CSUN",
    "location": "Cal State Northridge"
  },
  "2856": {
    "name": "California Baptist Lancers",
    "slug": "california-baptist-lancers",
    "abbr": "CBU",
    "location": "California Baptist"
  },
  "25": {
    "name": "California Golden Bears",
    "slug": "california-golden-bears",
    "abbr": "CAL",
    "location": "California"
  },
  "2097": {
    "name": "Campbell Fighting Camels",
    "slug": "campbell-fighting-camels",
    "abbr": "CAM",
    "location": "Campbell"
  },
  "2099": {
    "name": "Canisius Golden Griffins",
    "slug": "canisius-golden-griffins",
    "abbr": "CAN",
    "location": "Canisius"
  },
  "2110": {
    "name": "Central Arkansas Bears",
    "slug": "central-arkansas-bears",
    "abbr": "CARK",
    "location": "Central Arkansas"
  },
  "2115": {
    "name": "Central Connecticut Blue Devils",
    "slug": "central-connecticut-blue-devils",
    "abbr": "CCSU",
    "location": "Central Connecticut"
  },
  "2117": {
    "name": "Central Michigan Chippewas",
    "slug": "central-michigan-chippewas",
    "abbr": "CMU",
    "location": "Central Michigan"
  },
  "232": {
    "name": "Charleston Cougars",
    "slug": "charleston-cougars",
    "abbr": "COFC",
    "location": "Charleston"
  },
  "2127": {
    "name": "Charleston Southern Buccaneers",
    "slug": "charleston-southern-buccaneers",
    "abbr": "CHSO",
    "location": "Charleston Southern"
  },
  "2429": {
    "name": "Charlotte 49ers",
    "slug": "charlotte-49ers",
    "abbr": "CLT",
    "location": "Charlotte"
  },
  "236": {
    "name": "Chattanooga Mocs",
    "slug": "chattanooga-mocs",
    "abbr": "UTC",
    "location": "Chattanooga"
  },
  "2130": {
    "name": "Chicago State Cougars",
    "slug": "chicago-state-cougars",
    "abbr": "CHST",
    "location": "Chicago State"
  },
  "2132": {
    "name": "Cincinnati Bearcats",
    "slug": "cincinnati-bearcats",
    "abbr": "CIN",
    "location": "Cincinnati"
  },
  "228": {
    "name": "Clemson Tigers",
    "slug": "clemson-tigers",
    "abbr": "CLEM",
    "location": "Clemson"
  },
  "325": {
    "name": "Cleveland State Vikings",
    "slug": "cleveland-state-vikings",
    "abbr": "CLE",
    "location": "Cleveland State"
  },
  "324": {
    "name": "Coastal Carolina Chanticleers",
    "slug": "coastal-carolina-chanticleers",
    "abbr": "CCU",
    "location": "Coastal Carolina"
  },
  "2142": {
    "name": "Colgate Raiders",
    "slug": "colgate-raiders",
    "abbr": "COLG",
    "location": "Colgate"
  },
  "38": {
    "name": "Colorado Buffaloes",
    "slug": "colorado-buffaloes",
    "abbr": "COLO",
    "location": "Colorado"
  },
  "36": {
    "name": "Colorado State Rams",
    "slug": "colorado-state-rams",
    "abbr": "CSU",
    "location": "Colorado State"
  },
  "171": {
    "name": "Columbia Lions",
    "slug": "columbia-lions",
    "abbr": "COLU",
    "location": "Columbia"
  },
  "2154": {
    "name": "Coppin State Eagles",
    "slug": "coppin-state-eagles",
    "abbr": "COPP",
    "location": "Coppin State"
  },
  "172": {
    "name": "Cornell Big Red",
    "slug": "cornell-big-red",
    "abbr": "COR",
    "location": "Cornell"
  },
  "156": {
    "name": "Creighton Bluejays",
    "slug": "creighton-bluejays",
    "abbr": "CREI",
    "location": "Creighton"
  },
  "159": {
    "name": "Dartmouth Big Green",
    "slug": "dartmouth-big-green",
    "abbr": "DART",
    "location": "Dartmouth"
  },
  "2166": {
    "name": "Davidson Wildcats",
    "slug": "davidson-wildcats",
    "abbr": "DAV",
    "location": "Davidson"
  },
  "2168": {
    "name": "Dayton Flyers",
    "slug": "dayton-flyers",
    "abbr": "DAY",
    "location": "Dayton"
  },
  "305": {
    "name": "DePaul Blue Demons",
    "slug": "depaul-blue-demons",
    "abbr": "DEP",
    "location": "DePaul"
  },
  "48": {
    "name": "Delaware Blue Hens",
    "slug": "delaware-blue-hens",
    "abbr": "DEL",
    "location": "Delaware"
  },
  "2169": {
    "name": "Delaware State Hornets",
    "slug": "delaware-state-hornets",
    "abbr": "DSU",
    "location": "Delaware State"
  },
  "2172": {
    "name": "Denver Pioneers",
    "slug": "denver-pioneers",
    "abbr": "DEN",
    "location": "Denver"
  },
  "2174": {
    "name": "Detroit Mercy Titans",
    "slug": "detroit-mercy-titans",
    "abbr": "DETM",
    "location": "Detroit Mercy"
  },
  "2181": {
    "name": "Drake Bulldogs",
    "slug": "drake-bulldogs",
    "abbr": "DRKE",
    "location": "Drake"
  },
  "2182": {
    "name": "Drexel Dragons",
    "slug": "drexel-dragons",
    "abbr": "DREX",
    "location": "Drexel"
  },
  "150": {
    "name": "Duke Blue Devils",
    "slug": "duke-blue-devils",
    "abbr": "DUKE",
    "location": "Duke"
  },
  "2184": {
    "name": "Duquesne Dukes",
    "slug": "duquesne-dukes",
    "abbr": "DUQ",
    "location": "Duquesne"
  },
  "151": {
    "name": "East Carolina Pirates",
    "slug": "east-carolina-pirates",
    "abbr": "ECU",
    "location": "East Carolina"
  },
  "2193": {
    "name": "East Tennessee State Buccaneers",
    "slug": "east-tennessee-state-buccaneers",
    "abbr": "ETSU",
    "location": "East Tennessee State"
  },
  "2837": {
    "name": "East Texas A&M Lions",
    "slug": "east-texas-am-lions",
    "abbr": "ETAM",
    "location": "East Texas A&M"
  },
  "2197": {
    "name": "Eastern Illinois Panthers",
    "slug": "eastern-illinois-panthers",
    "abbr": "EIU",
    "location": "Eastern Illinois"
  },
  "2198": {
    "name": "Eastern Kentucky Colonels",
    "slug": "eastern-kentucky-colonels",
    "abbr": "EKU",
    "location": "Eastern Kentucky"
  },
  "2199": {
    "name": "Eastern Michigan Eagles",
    "slug": "eastern-michigan-eagles",
    "abbr": "EMU",
    "location": "Eastern Michigan"
  },
  "331": {
    "name": "Eastern Washington Eagles",
    "slug": "eastern-washington-eagles",
    "abbr": "EWU",
    "location": "Eastern Washington"
  },
  "2210": {
    "name": "Elon Phoenix",
    "slug": "elon-phoenix",
    "abbr": "ELON",
    "location": "Elon"
  },
  "339": {
    "name": "Evansville Purple Aces",
    "slug": "evansville-purple-aces",
    "abbr": "EVAN",
    "location": "Evansville"
  },
  "2217": {
    "name": "Fairfield Stags",
    "slug": "fairfield-stags",
    "abbr": "FAIR",
    "location": "Fairfield"
  },
  "161": {
    "name": "Fairleigh Dickinson Knights",
    "slug": "fairleigh-dickinson-knights",
    "abbr": "FDU",
    "location": "Fairleigh Dickinson"
  },
  "50": {
    "name": "Florida A&M Rattlers",
    "slug": "florida-am-rattlers",
    "abbr": "FAMU",
    "location": "Florida A&M"
  },
  "2226": {
    "name": "Florida Atlantic Owls",
    "slug": "florida-atlantic-owls",
    "abbr": "FAU",
    "location": "Florida Atlantic"
  },
  "57": {
    "name": "Florida Gators",
    "slug": "florida-gators",
    "abbr": "FLA",
    "location": "Florida"
  },
  "526": {
    "name": "Florida Gulf Coast Eagles",
    "slug": "florida-gulf-coast-eagles",
    "abbr": "FGCU",
    "location": "Florida Gulf Coast"
  },
  "2229": {
    "name": "Florida International Panthers",
    "slug": "florida-international-panthers",
    "abbr": "FIU",
    "location": "Florida International"
  },
  "52": {
    "name": "Florida State Seminoles",
    "slug": "florida-state-seminoles",
    "abbr": "FSU",
    "location": "Florida State"
  },
  "2230": {
    "name": "Fordham Rams",
    "slug": "fordham-rams",
    "abbr": "FOR",
    "location": "Fordham"
  },
  "278": {
    "name": "Fresno State Bulldogs",
    "slug": "fresno-state-bulldogs",
    "abbr": "FRES",
    "location": "Fresno State"
  },
  "231": {
    "name": "Furman Paladins",
    "slug": "furman-paladins",
    "abbr": "FUR",
    "location": "Furman"
  },
  "2241": {
    "name": "Gardner-Webb Runnin' Bulldogs",
    "slug": "gardner-webb-runnin-bulldogs",
    "abbr": "GWEB",
    "location": "Gardner-Webb"
  },
  "2244": {
    "name": "George Mason Patriots",
    "slug": "george-mason-patriots",
    "abbr": "GMU",
    "location": "George Mason"
  },
  "45": {
    "name": "George Washington Revolutionaries",
    "slug": "george-washington-revolutionaries",
    "abbr": "GW",
    "location": "George Washington"
  },
  "46": {
    "name": "Georgetown Hoyas",
    "slug": "georgetown-hoyas",
    "abbr": "GTWN",
    "location": "Georgetown"
  },
  "61": {
    "name": "Georgia Bulldogs",
    "slug": "georgia-bulldogs",
    "abbr": "UGA",
    "location": "Georgia"
  },
  "290": {
    "name": "Georgia Southern Eagles",
    "slug": "georgia-southern-eagles",
    "abbr": "GASO",
    "location": "Georgia Southern"
  },
  "2247": {
    "name": "Georgia State Panthers",
    "slug": "georgia-state-panthers",
    "abbr": "GAST",
    "location": "Georgia State"
  },
  "59": {
    "name": "Georgia Tech Yellow Jackets",
    "slug": "georgia-tech-yellow-jackets",
    "abbr": "GT",
    "location": "Georgia Tech"
  },
  "2250": {
    "name": "Gonzaga Bulldogs",
    "slug": "gonzaga-bulldogs",
    "abbr": "GONZ",
    "location": "Gonzaga"
  },
  "2755": {
    "name": "Grambling Tigers",
    "slug": "grambling-tigers",
    "abbr": "GRAM",
    "location": "Grambling"
  },
  "2253": {
    "name": "Grand Canyon Lopes",
    "slug": "grand-canyon-lopes",
    "abbr": "GCU",
    "location": "Grand Canyon"
  },
  "2739": {
    "name": "Green Bay Phoenix",
    "slug": "green-bay-phoenix",
    "abbr": "GB",
    "location": "Green Bay"
  },
  "2261": {
    "name": "Hampton Pirates",
    "slug": "hampton-pirates",
    "abbr": "HAMP",
    "location": "Hampton"
  },
  "108": {
    "name": "Harvard Crimson",
    "slug": "harvard-crimson",
    "abbr": "HARV",
    "location": "Harvard"
  },
  "62": {
    "name": "Hawai'i Rainbow Warriors",
    "slug": "hawaii-rainbow-warriors",
    "abbr": "HAW",
    "location": "Hawai'i"
  },
  "2272": {
    "name": "High Point Panthers",
    "slug": "high-point-panthers",
    "abbr": "HPU",
    "location": "High Point"
  },
  "2275": {
    "name": "Hofstra Pride",
    "slug": "hofstra-pride",
    "abbr": "HOF",
    "location": "Hofstra"
  },
  "107": {
    "name": "Holy Cross Crusaders",
    "slug": "holy-cross-crusaders",
    "abbr": "HC",
    "location": "Holy Cross"
  },
  "2277": {
    "name": "Houston Christian Huskies",
    "slug": "houston-christian-huskies",
    "abbr": "HCU",
    "location": "Houston Christian"
  },
  "248": {
    "name": "Houston Cougars",
    "slug": "houston-cougars",
    "abbr": "HOU",
    "location": "Houston"
  },
  "47": {
    "name": "Howard Bison",
    "slug": "howard-bison",
    "abbr": "HOW",
    "location": "Howard"
  },
  "85": {
    "name": "IU Indianapolis Jaguars",
    "slug": "iu-indianapolis-jaguars",
    "abbr": "IUIN",
    "location": "IU Indianapolis"
  },
  "304": {
    "name": "Idaho State Bengals",
    "slug": "idaho-state-bengals",
    "abbr": "IDST",
    "location": "Idaho State"
  },
  "70": {
    "name": "Idaho Vandals",
    "slug": "idaho-vandals",
    "abbr": "IDHO",
    "location": "Idaho"
  },
  "356": {
    "name": "Illinois Fighting Illini",
    "slug": "illinois-fighting-illini",
    "abbr": "ILL",
    "location": "Illinois"
  },
  "2287": {
    "name": "Illinois State Redbirds",
    "slug": "illinois-state-redbirds",
    "abbr": "ILST",
    "location": "Illinois State"
  },
  "2916": {
    "name": "Incarnate Word Cardinals",
    "slug": "incarnate-word-cardinals",
    "abbr": "UIW",
    "location": "Incarnate Word"
  },
  "84": {
    "name": "Indiana Hoosiers",
    "slug": "indiana-hoosiers",
    "abbr": "IU",
    "location": "Indiana"
  },
  "282": {
    "name": "Indiana State Sycamores",
    "slug": "indiana-state-sycamores",
    "abbr": "INST",
    "location": "Indiana State"
  },
  "314": {
    "name": "Iona Gaels",
    "slug": "iona-gaels",
    "abbr": "IONA",
    "location": "Iona"
  },
  "2294": {
    "name": "Iowa Hawkeyes",
    "slug": "iowa-hawkeyes",
    "abbr": "IOWA",
    "location": "Iowa"
  },
  "66": {
    "name": "Iowa State Cyclones",
    "slug": "iowa-state-cyclones",
    "abbr": "ISU",
    "location": "Iowa State"
  },
  "2296": {
    "name": "Jackson State Tigers",
    "slug": "jackson-state-tigers",
    "abbr": "JKST",
    "location": "Jackson State"
  },
  "294": {
    "name": "Jacksonville Dolphins",
    "slug": "jacksonville-dolphins",
    "abbr": "JAX",
    "location": "Jacksonville"
  },
  "55": {
    "name": "Jacksonville State Gamecocks",
    "slug": "jacksonville-state-gamecocks",
    "abbr": "JXST",
    "location": "Jacksonville State"
  },
  "256": {
    "name": "James Madison Dukes",
    "slug": "james-madison-dukes",
    "abbr": "JMU",
    "location": "James Madison"
  },
  "140": {
    "name": "Kansas City Roos",
    "slug": "kansas-city-roos",
    "abbr": "KC",
    "location": "Kansas City"
  },
  "2305": {
    "name": "Kansas Jayhawks",
    "slug": "kansas-jayhawks",
    "abbr": "KU",
    "location": "Kansas"
  },
  "2306": {
    "name": "Kansas State Wildcats",
    "slug": "kansas-state-wildcats",
    "abbr": "KSU",
    "location": "Kansas State"
  },
  "338": {
    "name": "Kennesaw State Owls",
    "slug": "kennesaw-state-owls",
    "abbr": "KENN",
    "location": "Kennesaw State"
  },
  "2309": {
    "name": "Kent State Golden Flashes",
    "slug": "kent-state-golden-flashes",
    "abbr": "KENT",
    "location": "Kent State"
  },
  "96": {
    "name": "Kentucky Wildcats",
    "slug": "kentucky-wildcats",
    "abbr": "UK",
    "location": "Kentucky"
  },
  "99": {
    "name": "LSU Tigers",
    "slug": "lsu-tigers",
    "abbr": "LSU",
    "location": "LSU"
  },
  "2325": {
    "name": "La Salle Explorers",
    "slug": "la-salle-explorers",
    "abbr": "LAS",
    "location": "La Salle"
  },
  "322": {
    "name": "Lafayette Leopards",
    "slug": "lafayette-leopards",
    "abbr": "LAF",
    "location": "Lafayette"
  },
  "2320": {
    "name": "Lamar Cardinals",
    "slug": "lamar-cardinals",
    "abbr": "LAM",
    "location": "Lamar"
  },
  "2330": {
    "name": "Le Moyne Dolphins",
    "slug": "le-moyne-dolphins",
    "abbr": "LEM",
    "location": "Le Moyne"
  },
  "2329": {
    "name": "Lehigh Mountain Hawks",
    "slug": "lehigh-mountain-hawks",
    "abbr": "LEH",
    "location": "Lehigh"
  },
  "2335": {
    "name": "Liberty Flames",
    "slug": "liberty-flames",
    "abbr": "LIB",
    "location": "Liberty"
  },
  "288": {
    "name": "Lipscomb Bisons",
    "slug": "lipscomb-bisons",
    "abbr": "LIP",
    "location": "Lipscomb"
  },
  "2031": {
    "name": "Little Rock Trojans",
    "slug": "little-rock-trojans",
    "abbr": "LR",
    "location": "Little Rock"
  },
  "299": {
    "name": "Long Beach State Beach",
    "slug": "long-beach-state-beach",
    "abbr": "LBSU",
    "location": "Long Beach State"
  },
  "112358": {
    "name": "Long Island University Sharks",
    "slug": "long-island-university-sharks",
    "abbr": "LIU",
    "location": "Long Island University"
  },
  "2344": {
    "name": "Longwood Lancers",
    "slug": "longwood-lancers",
    "abbr": "LONG",
    "location": "Longwood"
  },
  "309": {
    "name": "Louisiana Ragin' Cajuns",
    "slug": "louisiana-ragin-cajuns",
    "abbr": "UL",
    "location": "Louisiana"
  },
  "2348": {
    "name": "Louisiana Tech Bulldogs",
    "slug": "louisiana-tech-bulldogs",
    "abbr": "LT",
    "location": "Louisiana Tech"
  },
  "97": {
    "name": "Louisville Cardinals",
    "slug": "louisville-cardinals",
    "abbr": "LOU",
    "location": "Louisville"
  },
  "2350": {
    "name": "Loyola Chicago Ramblers",
    "slug": "loyola-chicago-ramblers",
    "abbr": "LUC",
    "location": "Loyola Chicago"
  },
  "2352": {
    "name": "Loyola Maryland Greyhounds",
    "slug": "loyola-maryland-greyhounds",
    "abbr": "L-MD",
    "location": "Loyola Maryland"
  },
  "2351": {
    "name": "Loyola Marymount Lions",
    "slug": "loyola-marymount-lions",
    "abbr": "LMU",
    "location": "Loyola Marymount"
  },
  "311": {
    "name": "Maine Black Bears",
    "slug": "maine-black-bears",
    "abbr": "ME",
    "location": "Maine"
  },
  "2363": {
    "name": "Manhattan Jaspers",
    "slug": "manhattan-jaspers",
    "abbr": "MAN",
    "location": "Manhattan"
  },
  "2368": {
    "name": "Marist Red Foxes",
    "slug": "marist-red-foxes",
    "abbr": "MRST",
    "location": "Marist"
  },
  "269": {
    "name": "Marquette Golden Eagles",
    "slug": "marquette-golden-eagles",
    "abbr": "MARQ",
    "location": "Marquette"
  },
  "276": {
    "name": "Marshall Thundering Herd",
    "slug": "marshall-thundering-herd",
    "abbr": "MRSH",
    "location": "Marshall"
  },
  "2379": {
    "name": "Maryland Eastern Shore Hawks",
    "slug": "maryland-eastern-shore-hawks",
    "abbr": "UMES",
    "location": "Maryland Eastern Shore"
  },
  "120": {
    "name": "Maryland Terrapins",
    "slug": "maryland-terrapins",
    "abbr": "MD",
    "location": "Maryland"
  },
  "113": {
    "name": "Massachusetts Minutemen",
    "slug": "massachusetts-minutemen",
    "abbr": "MASS",
    "location": "Massachusetts"
  },
  "2377": {
    "name": "McNeese Cowboys",
    "slug": "mcneese-cowboys",
    "abbr": "MCN",
    "location": "McNeese"
  },
  "235": {
    "name": "Memphis Tigers",
    "slug": "memphis-tigers",
    "abbr": "MEM",
    "location": "Memphis"
  },
  "2382": {
    "name": "Mercer Bears",
    "slug": "mercer-bears",
    "abbr": "MER",
    "location": "Mercer"
  },
  "2385": {
    "name": "Mercyhurst Lakers",
    "slug": "mercyhurst-lakers",
    "abbr": "MERC",
    "location": "Mercyhurst"
  },
  "2771": {
    "name": "Merrimack Warriors",
    "slug": "merrimack-warriors",
    "abbr": "MRMK",
    "location": "Merrimack"
  },
  "193": {
    "name": "Miami (OH) RedHawks",
    "slug": "miami-oh-redhawks",
    "abbr": "M-OH",
    "location": "Miami (OH)"
  },
  "2390": {
    "name": "Miami Hurricanes",
    "slug": "miami-hurricanes",
    "abbr": "MIA",
    "location": "Miami"
  },
  "127": {
    "name": "Michigan State Spartans",
    "slug": "michigan-state-spartans",
    "abbr": "MSU",
    "location": "Michigan State"
  },
  "130": {
    "name": "Michigan Wolverines",
    "slug": "michigan-wolverines",
    "abbr": "MICH",
    "location": "Michigan"
  },
  "2393": {
    "name": "Middle Tennessee Blue Raiders",
    "slug": "middle-tennessee-blue-raiders",
    "abbr": "MTSU",
    "location": "Middle Tennessee"
  },
  "270": {
    "name": "Milwaukee Panthers",
    "slug": "milwaukee-panthers",
    "abbr": "MILW",
    "location": "Milwaukee"
  },
  "135": {
    "name": "Minnesota Golden Gophers",
    "slug": "minnesota-golden-gophers",
    "abbr": "MINN",
    "location": "Minnesota"
  },
  "344": {
    "name": "Mississippi State Bulldogs",
    "slug": "mississippi-state-bulldogs",
    "abbr": "MSST",
    "location": "Mississippi State"
  },
  "2400": {
    "name": "Mississippi Valley State Delta Devils",
    "slug": "mississippi-valley-state-delta-devils",
    "abbr": "MVSU",
    "location": "Mississippi Valley State"
  },
  "2623": {
    "name": "Missouri State Bears",
    "slug": "missouri-state-bears",
    "abbr": "MOST",
    "location": "Missouri State"
  },
  "142": {
    "name": "Missouri Tigers",
    "slug": "missouri-tigers",
    "abbr": "MIZ",
    "location": "Missouri"
  },
  "2405": {
    "name": "Monmouth Hawks",
    "slug": "monmouth-hawks",
    "abbr": "MONM",
    "location": "Monmouth"
  },
  "149": {
    "name": "Montana Grizzlies",
    "slug": "montana-grizzlies",
    "abbr": "MONT",
    "location": "Montana"
  },
  "147": {
    "name": "Montana State Bobcats",
    "slug": "montana-state-bobcats",
    "abbr": "MTST",
    "location": "Montana State"
  },
  "2413": {
    "name": "Morehead State Eagles",
    "slug": "morehead-state-eagles",
    "abbr": "MORE",
    "location": "Morehead State"
  },
  "2415": {
    "name": "Morgan State Bears",
    "slug": "morgan-state-bears",
    "abbr": "MORG",
    "location": "Morgan State"
  },
  "116": {
    "name": "Mount St. Mary's Mountaineers",
    "slug": "mount-st-marys-mountaineers",
    "abbr": "MSM",
    "location": "Mount St. Mary's"
  },
  "93": {
    "name": "Murray State Racers",
    "slug": "murray-state-racers",
    "abbr": "MUR",
    "location": "Murray State"
  },
  "152": {
    "name": "NC State Wolfpack",
    "slug": "nc-state-wolfpack",
    "abbr": "NCSU",
    "location": "NC State"
  },
  "2885": {
    "name": "NJIT Highlanders",
    "slug": "njit-highlanders",
    "abbr": "NJIT",
    "location": "NJIT"
  },
  "2426": {
    "name": "Navy Midshipmen",
    "slug": "navy-midshipmen",
    "abbr": "NAVY",
    "location": "Navy"
  },
  "158": {
    "name": "Nebraska Cornhuskers",
    "slug": "nebraska-cornhuskers",
    "abbr": "NEB",
    "location": "Nebraska"
  },
  "2440": {
    "name": "Nevada Wolf Pack",
    "slug": "nevada-wolf-pack",
    "abbr": "NEV",
    "location": "Nevada"
  },
  "160": {
    "name": "New Hampshire Wildcats",
    "slug": "new-hampshire-wildcats",
    "abbr": "UNH",
    "location": "New Hampshire"
  },
  "2441": {
    "name": "New Haven Chargers",
    "slug": "new-haven-chargers",
    "abbr": "NHVN",
    "location": "New Haven"
  },
  "167": {
    "name": "New Mexico Lobos",
    "slug": "new-mexico-lobos",
    "abbr": "UNM",
    "location": "New Mexico"
  },
  "166": {
    "name": "New Mexico State Aggies",
    "slug": "new-mexico-state-aggies",
    "abbr": "NMSU",
    "location": "New Mexico State"
  },
  "2443": {
    "name": "New Orleans Privateers",
    "slug": "new-orleans-privateers",
    "abbr": "UNO",
    "location": "New Orleans"
  },
  "315": {
    "name": "Niagara Purple Eagles",
    "slug": "niagara-purple-eagles",
    "abbr": "NIA",
    "location": "Niagara"
  },
  "2447": {
    "name": "Nicholls Colonels",
    "slug": "nicholls-colonels",
    "abbr": "NICH",
    "location": "Nicholls"
  },
  "2450": {
    "name": "Norfolk State Spartans",
    "slug": "norfolk-state-spartans",
    "abbr": "NORF",
    "location": "Norfolk State"
  },
  "2453": {
    "name": "North Alabama Lions",
    "slug": "north-alabama-lions",
    "abbr": "UNA",
    "location": "North Alabama"
  },
  "2448": {
    "name": "North Carolina A&T Aggies",
    "slug": "north-carolina-at-aggies",
    "abbr": "NCAT",
    "location": "North Carolina A&T"
  },
  "2428": {
    "name": "North Carolina Central Eagles",
    "slug": "north-carolina-central-eagles",
    "abbr": "NCCU",
    "location": "North Carolina Central"
  },
  "153": {
    "name": "North Carolina Tar Heels",
    "slug": "north-carolina-tar-heels",
    "abbr": "UNC",
    "location": "North Carolina"
  },
  "155": {
    "name": "North Dakota Fighting Hawks",
    "slug": "north-dakota-fighting-hawks",
    "abbr": "UND",
    "location": "North Dakota"
  },
  "2449": {
    "name": "North Dakota State Bison",
    "slug": "north-dakota-state-bison",
    "abbr": "NDSU",
    "location": "North Dakota State"
  },
  "2454": {
    "name": "North Florida Ospreys",
    "slug": "north-florida-ospreys",
    "abbr": "UNF",
    "location": "North Florida"
  },
  "249": {
    "name": "North Texas Mean Green",
    "slug": "north-texas-mean-green",
    "abbr": "UNT",
    "location": "North Texas"
  },
  "111": {
    "name": "Northeastern Huskies",
    "slug": "northeastern-huskies",
    "abbr": "NE",
    "location": "Northeastern"
  },
  "2464": {
    "name": "Northern Arizona Lumberjacks",
    "slug": "northern-arizona-lumberjacks",
    "abbr": "NAU",
    "location": "Northern Arizona"
  },
  "2458": {
    "name": "Northern Colorado Bears",
    "slug": "northern-colorado-bears",
    "abbr": "UNCO",
    "location": "Northern Colorado"
  },
  "2459": {
    "name": "Northern Illinois Huskies",
    "slug": "northern-illinois-huskies",
    "abbr": "NIU",
    "location": "Northern Illinois"
  },
  "2460": {
    "name": "Northern Iowa Panthers",
    "slug": "northern-iowa-panthers",
    "abbr": "UNI",
    "location": "Northern Iowa"
  },
  "94": {
    "name": "Northern Kentucky Norse",
    "slug": "northern-kentucky-norse",
    "abbr": "NKU",
    "location": "Northern Kentucky"
  },
  "2466": {
    "name": "Northwestern State Demons",
    "slug": "northwestern-state-demons",
    "abbr": "NWST",
    "location": "Northwestern State"
  },
  "77": {
    "name": "Northwestern Wildcats",
    "slug": "northwestern-wildcats",
    "abbr": "NU",
    "location": "Northwestern"
  },
  "87": {
    "name": "Notre Dame Fighting Irish",
    "slug": "notre-dame-fighting-irish",
    "abbr": "ND",
    "location": "Notre Dame"
  },
  "2473": {
    "name": "Oakland Golden Grizzlies",
    "slug": "oakland-golden-grizzlies",
    "abbr": "OAK",
    "location": "Oakland"
  },
  "195": {
    "name": "Ohio Bobcats",
    "slug": "ohio-bobcats",
    "abbr": "OHIO",
    "location": "Ohio"
  },
  "194": {
    "name": "Ohio State Buckeyes",
    "slug": "ohio-state-buckeyes",
    "abbr": "OSU",
    "location": "Ohio State"
  },
  "201": {
    "name": "Oklahoma Sooners",
    "slug": "oklahoma-sooners",
    "abbr": "OU",
    "location": "Oklahoma"
  },
  "197": {
    "name": "Oklahoma State Cowboys",
    "slug": "oklahoma-state-cowboys",
    "abbr": "OKST",
    "location": "Oklahoma State"
  },
  "295": {
    "name": "Old Dominion Monarchs",
    "slug": "old-dominion-monarchs",
    "abbr": "ODU",
    "location": "Old Dominion"
  },
  "145": {
    "name": "Ole Miss Rebels",
    "slug": "ole-miss-rebels",
    "abbr": "MISS",
    "location": "Ole Miss"
  },
  "2437": {
    "name": "Omaha Mavericks",
    "slug": "omaha-mavericks",
    "abbr": "OMA",
    "location": "Omaha"
  },
  "198": {
    "name": "Oral Roberts Golden Eagles",
    "slug": "oral-roberts-golden-eagles",
    "abbr": "ORU",
    "location": "Oral Roberts"
  },
  "2483": {
    "name": "Oregon Ducks",
    "slug": "oregon-ducks",
    "abbr": "ORE",
    "location": "Oregon"
  },
  "204": {
    "name": "Oregon State Beavers",
    "slug": "oregon-state-beavers",
    "abbr": "ORST",
    "location": "Oregon State"
  },
  "279": {
    "name": "Pacific Tigers",
    "slug": "pacific-tigers",
    "abbr": "PAC",
    "location": "Pacific"
  },
  "213": {
    "name": "Penn State Nittany Lions",
    "slug": "penn-state-nittany-lions",
    "abbr": "PSU",
    "location": "Penn State"
  },
  "219": {
    "name": "Pennsylvania Quakers",
    "slug": "pennsylvania-quakers",
    "abbr": "PENN",
    "location": "Pennsylvania"
  },
  "2492": {
    "name": "Pepperdine Waves",
    "slug": "pepperdine-waves",
    "abbr": "PEPP",
    "location": "Pepperdine"
  },
  "221": {
    "name": "Pittsburgh Panthers",
    "slug": "pittsburgh-panthers",
    "abbr": "PITT",
    "location": "Pittsburgh"
  },
  "2501": {
    "name": "Portland Pilots",
    "slug": "portland-pilots",
    "abbr": "PORT",
    "location": "Portland"
  },
  "2502": {
    "name": "Portland State Vikings",
    "slug": "portland-state-vikings",
    "abbr": "PRST",
    "location": "Portland State"
  },
  "2504": {
    "name": "Prairie View A&M Panthers",
    "slug": "prairie-view-am-panthers",
    "abbr": "PV",
    "location": "Prairie View A&M"
  },
  "2506": {
    "name": "Presbyterian Blue Hose",
    "slug": "presbyterian-blue-hose",
    "abbr": "PRES",
    "location": "Presbyterian"
  },
  "163": {
    "name": "Princeton Tigers",
    "slug": "princeton-tigers",
    "abbr": "PRIN",
    "location": "Princeton"
  },
  "2507": {
    "name": "Providence Friars",
    "slug": "providence-friars",
    "abbr": "PROV",
    "location": "Providence"
  },
  "2509": {
    "name": "Purdue Boilermakers",
    "slug": "purdue-boilermakers",
    "abbr": "PUR",
    "location": "Purdue"
  },
  "2870": {
    "name": "Purdue Fort Wayne Mastodons",
    "slug": "purdue-fort-wayne-mastodons",
    "abbr": "PFW",
    "location": "Purdue Fort Wayne"
  },
  "2514": {
    "name": "Quinnipiac Bobcats",
    "slug": "quinnipiac-bobcats",
    "abbr": "QUIN",
    "location": "Quinnipiac"
  },
  "2515": {
    "name": "Radford Highlanders",
    "slug": "radford-highlanders",
    "abbr": "RAD",
    "location": "Radford"
  },
  "227": {
    "name": "Rhode Island Rams",
    "slug": "rhode-island-rams",
    "abbr": "URI",
    "location": "Rhode Island"
  },
  "242": {
    "name": "Rice Owls",
    "slug": "rice-owls",
    "abbr": "RICE",
    "location": "Rice"
  },
  "257": {
    "name": "Richmond Spiders",
    "slug": "richmond-spiders",
    "abbr": "RICH",
    "location": "Richmond"
  },
  "2520": {
    "name": "Rider Broncs",
    "slug": "rider-broncs",
    "abbr": "RID",
    "location": "Rider"
  },
  "2523": {
    "name": "Robert Morris Colonials",
    "slug": "robert-morris-colonials",
    "abbr": "RMU",
    "location": "Robert Morris"
  },
  "164": {
    "name": "Rutgers Scarlet Knights",
    "slug": "rutgers-scarlet-knights",
    "abbr": "RUTG",
    "location": "Rutgers"
  },
  "2545": {
    "name": "SE Louisiana Lions",
    "slug": "se-louisiana-lions",
    "abbr": "SELA",
    "location": "SE Louisiana"
  },
  "2565": {
    "name": "SIU Edwardsville Cougars",
    "slug": "siu-edwardsville-cougars",
    "abbr": "SIUE",
    "location": "SIU Edwardsville"
  },
  "2567": {
    "name": "SMU Mustangs",
    "slug": "smu-mustangs",
    "abbr": "SMU",
    "location": "SMU"
  },
  "16": {
    "name": "Sacramento State Hornets",
    "slug": "sacramento-state-hornets",
    "abbr": "SAC",
    "location": "Sacramento State"
  },
  "2529": {
    "name": "Sacred Heart Pioneers",
    "slug": "sacred-heart-pioneers",
    "abbr": "SHU",
    "location": "Sacred Heart"
  },
  "2598": {
    "name": "Saint Francis Red Flash",
    "slug": "saint-francis-red-flash",
    "abbr": "SFPA",
    "location": "Saint Francis"
  },
  "2603": {
    "name": "Saint Joseph's Hawks",
    "slug": "saint-josephs-hawks",
    "abbr": "JOES",
    "location": "Saint Joseph's"
  },
  "139": {
    "name": "Saint Louis Billikens",
    "slug": "saint-louis-billikens",
    "abbr": "SLU",
    "location": "Saint Louis"
  },
  "2608": {
    "name": "Saint Mary's Gaels",
    "slug": "saint-marys-gaels",
    "abbr": "SMC",
    "location": "Saint Mary's"
  },
  "2612": {
    "name": "Saint Peter's Peacocks",
    "slug": "saint-peters-peacocks",
    "abbr": "SPU",
    "location": "Saint Peter's"
  },
  "2534": {
    "name": "Sam Houston Bearkats",
    "slug": "sam-houston-bearkats",
    "abbr": "SHSU",
    "location": "Sam Houston"
  },
  "2535": {
    "name": "Samford Bulldogs",
    "slug": "samford-bulldogs",
    "abbr": "SAM",
    "location": "Samford"
  },
  "21": {
    "name": "San Diego State Aztecs",
    "slug": "san-diego-state-aztecs",
    "abbr": "SDSU",
    "location": "San Diego State"
  },
  "301": {
    "name": "San Diego Toreros",
    "slug": "san-diego-toreros",
    "abbr": "USD",
    "location": "San Diego"
  },
  "2539": {
    "name": "San Francisco Dons",
    "slug": "san-francisco-dons",
    "abbr": "SF",
    "location": "San Francisco"
  },
  "23": {
    "name": "San Jos\u00e9 State Spartans",
    "slug": "san-jose-state-spartans",
    "abbr": "SJSU",
    "location": "San Jos\u00e9 State"
  },
  "2541": {
    "name": "Santa Clara Broncos",
    "slug": "santa-clara-broncos",
    "abbr": "SCU",
    "location": "Santa Clara"
  },
  "2547": {
    "name": "Seattle U Redhawks",
    "slug": "seattle-u-redhawks",
    "abbr": "SEA",
    "location": "Seattle U"
  },
  "2550": {
    "name": "Seton Hall Pirates",
    "slug": "seton-hall-pirates",
    "abbr": "HALL",
    "location": "Seton Hall"
  },
  "2561": {
    "name": "Siena Saints",
    "slug": "siena-saints",
    "abbr": "SIE",
    "location": "Siena"
  },
  "6": {
    "name": "South Alabama Jaguars",
    "slug": "south-alabama-jaguars",
    "abbr": "USA",
    "location": "South Alabama"
  },
  "2579": {
    "name": "South Carolina Gamecocks",
    "slug": "south-carolina-gamecocks",
    "abbr": "SC",
    "location": "South Carolina"
  },
  "2569": {
    "name": "South Carolina State Bulldogs",
    "slug": "south-carolina-state-bulldogs",
    "abbr": "SCST",
    "location": "South Carolina State"
  },
  "2908": {
    "name": "South Carolina Upstate Spartans",
    "slug": "south-carolina-upstate-spartans",
    "abbr": "UPST",
    "location": "South Carolina Upstate"
  },
  "233": {
    "name": "South Dakota Coyotes",
    "slug": "south-dakota-coyotes",
    "abbr": "SDAK",
    "location": "South Dakota"
  },
  "2571": {
    "name": "South Dakota State Jackrabbits",
    "slug": "south-dakota-state-jackrabbits",
    "abbr": "SDST",
    "location": "South Dakota State"
  },
  "58": {
    "name": "South Florida Bulls",
    "slug": "south-florida-bulls",
    "abbr": "USF",
    "location": "South Florida"
  },
  "2546": {
    "name": "Southeast Missouri State Redhawks",
    "slug": "southeast-missouri-state-redhawks",
    "abbr": "SEMO",
    "location": "Southeast Missouri State"
  },
  "79": {
    "name": "Southern Illinois Salukis",
    "slug": "southern-illinois-salukis",
    "abbr": "SIU",
    "location": "Southern Illinois"
  },
  "2582": {
    "name": "Southern Jaguars",
    "slug": "southern-jaguars",
    "abbr": "SOU",
    "location": "Southern"
  },
  "2572": {
    "name": "Southern Miss Golden Eagles",
    "slug": "southern-miss-golden-eagles",
    "abbr": "USM",
    "location": "Southern Miss"
  },
  "253": {
    "name": "Southern Utah Thunderbirds",
    "slug": "southern-utah-thunderbirds",
    "abbr": "SUU",
    "location": "Southern Utah"
  },
  "179": {
    "name": "St. Bonaventure Bonnies",
    "slug": "st-bonaventure-bonnies",
    "abbr": "SBU",
    "location": "St. Bonaventure"
  },
  "2599": {
    "name": "St. John's Red Storm",
    "slug": "st-johns-red-storm",
    "abbr": "SJU",
    "location": "St. John's"
  },
  "2900": {
    "name": "St. Thomas-Minnesota Tommies",
    "slug": "st-thomas-minnesota-tommies",
    "abbr": "STMN",
    "location": "St. Thomas-Minnesota"
  },
  "24": {
    "name": "Stanford Cardinal",
    "slug": "stanford-cardinal",
    "abbr": "STAN",
    "location": "Stanford"
  },
  "2617": {
    "name": "Stephen F. Austin Lumberjacks",
    "slug": "stephen-f-austin-lumberjacks",
    "abbr": "SFA",
    "location": "Stephen F. Austin"
  },
  "56": {
    "name": "Stetson Hatters",
    "slug": "stetson-hatters",
    "abbr": "STET",
    "location": "Stetson"
  },
  "284": {
    "name": "Stonehill Skyhawks",
    "slug": "stonehill-skyhawks",
    "abbr": "STO",
    "location": "Stonehill"
  },
  "2619": {
    "name": "Stony Brook Seawolves",
    "slug": "stony-brook-seawolves",
    "abbr": "STBK",
    "location": "Stony Brook"
  },
  "183": {
    "name": "Syracuse Orange",
    "slug": "syracuse-orange",
    "abbr": "SYR",
    "location": "Syracuse"
  },
  "2628": {
    "name": "TCU Horned Frogs",
    "slug": "tcu-horned-frogs",
    "abbr": "TCU",
    "location": "TCU"
  },
  "2627": {
    "name": "Tarleton State Texans",
    "slug": "tarleton-state-texans",
    "abbr": "TAR",
    "location": "Tarleton State"
  },
  "218": {
    "name": "Temple Owls",
    "slug": "temple-owls",
    "abbr": "TEM",
    "location": "Temple"
  },
  "2634": {
    "name": "Tennessee State Tigers",
    "slug": "tennessee-state-tigers",
    "abbr": "TNST",
    "location": "Tennessee State"
  },
  "2635": {
    "name": "Tennessee Tech Golden Eagles",
    "slug": "tennessee-tech-golden-eagles",
    "abbr": "TNTC",
    "location": "Tennessee Tech"
  },
  "2633": {
    "name": "Tennessee Volunteers",
    "slug": "tennessee-volunteers",
    "abbr": "TENN",
    "location": "Tennessee"
  },
  "245": {
    "name": "Texas A&M Aggies",
    "slug": "texas-am-aggies",
    "abbr": "TA&M",
    "location": "Texas A&M"
  },
  "357": {
    "name": "Texas A&M-Corpus Christi Islanders",
    "slug": "texas-am-corpus-christi-islanders",
    "abbr": "AMCC",
    "location": "Texas A&M-Corpus Christi"
  },
  "251": {
    "name": "Texas Longhorns",
    "slug": "texas-longhorns",
    "abbr": "TEX",
    "location": "Texas"
  },
  "2640": {
    "name": "Texas Southern Tigers",
    "slug": "texas-southern-tigers",
    "abbr": "TXSO",
    "location": "Texas Southern"
  },
  "326": {
    "name": "Texas State Bobcats",
    "slug": "texas-state-bobcats",
    "abbr": "TXST",
    "location": "Texas State"
  },
  "2641": {
    "name": "Texas Tech Red Raiders",
    "slug": "texas-tech-red-raiders",
    "abbr": "TTU",
    "location": "Texas Tech"
  },
  "2643": {
    "name": "The Citadel Bulldogs",
    "slug": "the-citadel-bulldogs",
    "abbr": "CIT",
    "location": "The Citadel"
  },
  "2649": {
    "name": "Toledo Rockets",
    "slug": "toledo-rockets",
    "abbr": "TOL",
    "location": "Toledo"
  },
  "119": {
    "name": "Towson Tigers",
    "slug": "towson-tigers",
    "abbr": "TOW",
    "location": "Towson"
  },
  "2653": {
    "name": "Troy Trojans",
    "slug": "troy-trojans",
    "abbr": "TROY",
    "location": "Troy"
  },
  "2655": {
    "name": "Tulane Green Wave",
    "slug": "tulane-green-wave",
    "abbr": "TULN",
    "location": "Tulane"
  },
  "202": {
    "name": "Tulsa Golden Hurricane",
    "slug": "tulsa-golden-hurricane",
    "abbr": "TLSA",
    "location": "Tulsa"
  },
  "5": {
    "name": "UAB Blazers",
    "slug": "uab-blazers",
    "abbr": "UAB",
    "location": "UAB"
  },
  "399": {
    "name": "UAlbany Great Danes",
    "slug": "ualbany-great-danes",
    "abbr": "UALB",
    "location": "UAlbany"
  },
  "302": {
    "name": "UC Davis Aggies",
    "slug": "uc-davis-aggies",
    "abbr": "UCD",
    "location": "UC Davis"
  },
  "300": {
    "name": "UC Irvine Anteaters",
    "slug": "uc-irvine-anteaters",
    "abbr": "UCI",
    "location": "UC Irvine"
  },
  "27": {
    "name": "UC Riverside Highlanders",
    "slug": "uc-riverside-highlanders",
    "abbr": "UCR",
    "location": "UC Riverside"
  },
  "28": {
    "name": "UC San Diego Tritons",
    "slug": "uc-san-diego-tritons",
    "abbr": "UCSD",
    "location": "UC San Diego"
  },
  "2540": {
    "name": "UC Santa Barbara Gauchos",
    "slug": "uc-santa-barbara-gauchos",
    "abbr": "UCSB",
    "location": "UC Santa Barbara"
  },
  "2116": {
    "name": "UCF Knights",
    "slug": "ucf-knights",
    "abbr": "UCF",
    "location": "UCF"
  },
  "26": {
    "name": "UCLA Bruins",
    "slug": "ucla-bruins",
    "abbr": "UCLA",
    "location": "UCLA"
  },
  "41": {
    "name": "UConn Huskies",
    "slug": "uconn-huskies",
    "abbr": "CONN",
    "location": "UConn"
  },
  "82": {
    "name": "UIC Flames",
    "slug": "uic-flames",
    "abbr": "UIC",
    "location": "UIC"
  },
  "2433": {
    "name": "UL Monroe Warhawks",
    "slug": "ul-monroe-warhawks",
    "abbr": "ULM",
    "location": "UL Monroe"
  },
  "2378": {
    "name": "UMBC Retrievers",
    "slug": "umbc-retrievers",
    "abbr": "UMBC",
    "location": "UMBC"
  },
  "2349": {
    "name": "UMass Lowell River Hawks",
    "slug": "umass-lowell-river-hawks",
    "abbr": "UML",
    "location": "UMass Lowell"
  },
  "2427": {
    "name": "UNC Asheville Bulldogs",
    "slug": "unc-asheville-bulldogs",
    "abbr": "UNCA",
    "location": "UNC Asheville"
  },
  "2430": {
    "name": "UNC Greensboro Spartans",
    "slug": "unc-greensboro-spartans",
    "abbr": "UNCG",
    "location": "UNC Greensboro"
  },
  "350": {
    "name": "UNC Wilmington Seahawks",
    "slug": "unc-wilmington-seahawks",
    "abbr": "UNCW",
    "location": "UNC Wilmington"
  },
  "2439": {
    "name": "UNLV Rebels",
    "slug": "unlv-rebels",
    "abbr": "UNLV",
    "location": "UNLV"
  },
  "30": {
    "name": "USC Trojans",
    "slug": "usc-trojans",
    "abbr": "USC",
    "location": "USC"
  },
  "250": {
    "name": "UT Arlington Mavericks",
    "slug": "ut-arlington-mavericks",
    "abbr": "UTA",
    "location": "UT Arlington"
  },
  "2630": {
    "name": "UT Martin Skyhawks",
    "slug": "ut-martin-skyhawks",
    "abbr": "UTM",
    "location": "UT Martin"
  },
  "292": {
    "name": "UT Rio Grande Valley Vaqueros",
    "slug": "ut-rio-grande-valley-vaqueros",
    "abbr": "RGV",
    "location": "UT Rio Grande Valley"
  },
  "2638": {
    "name": "UTEP Miners",
    "slug": "utep-miners",
    "abbr": "UTEP",
    "location": "UTEP"
  },
  "2636": {
    "name": "UTSA Roadrunners",
    "slug": "utsa-roadrunners",
    "abbr": "UTSA",
    "location": "UTSA"
  },
  "328": {
    "name": "Utah State Aggies",
    "slug": "utah-state-aggies",
    "abbr": "USU",
    "location": "Utah State"
  },
  "3101": {
    "name": "Utah Tech Trailblazers",
    "slug": "utah-tech-trailblazers",
    "abbr": "UTU",
    "location": "Utah Tech"
  },
  "254": {
    "name": "Utah Utes",
    "slug": "utah-utes",
    "abbr": "UTAH",
    "location": "Utah"
  },
  "3084": {
    "name": "Utah Valley Wolverines",
    "slug": "utah-valley-wolverines",
    "abbr": "UVU",
    "location": "Utah Valley"
  },
  "2670": {
    "name": "VCU Rams",
    "slug": "vcu-rams",
    "abbr": "VCU",
    "location": "VCU"
  },
  "2678": {
    "name": "VMI Keydets",
    "slug": "vmi-keydets",
    "abbr": "VMI",
    "location": "VMI"
  },
  "2674": {
    "name": "Valparaiso Beacons",
    "slug": "valparaiso-beacons",
    "abbr": "VAL",
    "location": "Valparaiso"
  },
  "238": {
    "name": "Vanderbilt Commodores",
    "slug": "vanderbilt-commodores",
    "abbr": "VAN",
    "location": "Vanderbilt"
  },
  "261": {
    "name": "Vermont Catamounts",
    "slug": "vermont-catamounts",
    "abbr": "UVM",
    "location": "Vermont"
  },
  "222": {
    "name": "Villanova Wildcats",
    "slug": "villanova-wildcats",
    "abbr": "VILL",
    "location": "Villanova"
  },
  "258": {
    "name": "Virginia Cavaliers",
    "slug": "virginia-cavaliers",
    "abbr": "UVA",
    "location": "Virginia"
  },
  "259": {
    "name": "Virginia Tech Hokies",
    "slug": "virginia-tech-hokies",
    "abbr": "VT",
    "location": "Virginia Tech"
  },
  "2681": {
    "name": "Wagner Seahawks",
    "slug": "wagner-seahawks",
    "abbr": "WAG",
    "location": "Wagner"
  },
  "154": {
    "name": "Wake Forest Demon Deacons",
    "slug": "wake-forest-demon-deacons",
    "abbr": "WAKE",
    "location": "Wake Forest"
  },
  "264": {
    "name": "Washington Huskies",
    "slug": "washington-huskies",
    "abbr": "WASH",
    "location": "Washington"
  },
  "265": {
    "name": "Washington State Cougars",
    "slug": "washington-state-cougars",
    "abbr": "WSU",
    "location": "Washington State"
  },
  "2692": {
    "name": "Weber State Wildcats",
    "slug": "weber-state-wildcats",
    "abbr": "WEB",
    "location": "Weber State"
  },
  "2698": {
    "name": "West Georgia Wolves",
    "slug": "west-georgia-wolves",
    "abbr": "WGA",
    "location": "West Georgia"
  },
  "277": {
    "name": "West Virginia Mountaineers",
    "slug": "west-virginia-mountaineers",
    "abbr": "WVU",
    "location": "West Virginia"
  },
  "2717": {
    "name": "Western Carolina Catamounts",
    "slug": "western-carolina-catamounts",
    "abbr": "WCU",
    "location": "Western Carolina"
  },
  "2710": {
    "name": "Western Illinois Leathernecks",
    "slug": "western-illinois-leathernecks",
    "abbr": "WIU",
    "location": "Western Illinois"
  },
  "98": {
    "name": "Western Kentucky Hilltoppers",
    "slug": "western-kentucky-hilltoppers",
    "abbr": "WKU",
    "location": "Western Kentucky"
  },
  "2711": {
    "name": "Western Michigan Broncos",
    "slug": "western-michigan-broncos",
    "abbr": "WMU",
    "location": "Western Michigan"
  },
  "2724": {
    "name": "Wichita State Shockers",
    "slug": "wichita-state-shockers",
    "abbr": "WICH",
    "location": "Wichita State"
  },
  "2729": {
    "name": "William & Mary Tribe",
    "slug": "william-mary-tribe",
    "abbr": "W&M",
    "location": "William & Mary"
  },
  "2737": {
    "name": "Winthrop Eagles",
    "slug": "winthrop-eagles",
    "abbr": "WIN",
    "location": "Winthrop"
  },
  "275": {
    "name": "Wisconsin Badgers",
    "slug": "wisconsin-badgers",
    "abbr": "WIS",
    "location": "Wisconsin"
  },
  "2747": {
    "name": "Wofford Terriers",
    "slug": "wofford-terriers",
    "abbr": "WOF",
    "location": "Wofford"
  },
  "2750": {
    "name": "Wright State Raiders",
    "slug": "wright-state-raiders",
    "abbr": "WRST",
    "location": "Wright State"
  },
  "2751": {
    "name": "Wyoming Cowboys",
    "slug": "wyoming-cowboys",
    "abbr": "WYO",
    "location": "Wyoming"
  },
  "2752": {
    "name": "Xavier Musketeers",
    "slug": "xavier-musketeers",
    "abbr": "XAV",
    "location": "Xavier"
  },
  "43": {
    "name": "Yale Bulldogs",
    "slug": "yale-bulldogs",
    "abbr": "YALE",
    "location": "Yale"
  },
  "2754": {
    "name": "Youngstown State Penguins",
    "slug": "youngstown-state-penguins",
    "abbr": "YSU",
    "location": "Youngstown State"
  }
}