{
  "Abilene Christian": {"lat": 32.46, "lon": -99.77},
  "Air Force": {"lat": 38.99, "lon": -104.86},
  "Akron": {"lat": 41.08, "lon": -81.51},
  "Alabama": {"lat": 33.21, "lon": -87.54},
  "Alabama A&M": {"lat": 34.78, "lon": -86.57},
  "Alabama State": {"lat": 32.36, "lon": -86.30},
  "Albany (NY)": {"lat": 42.69, "lon": -73.82},
  "Alcorn State": {"lat": 31.88, "lon": -91.13},
  "American": {"lat": 38.94, "lon": -77.09},
  "Appalachian State": {"lat": 36.21, "lon": -81.68},
  "Arizona": {"lat": 32.23, "lon": -110.95},
  "Arizona State": {"lat": 33.42, "lon": -111.93},
  "Arkansas": {"lat": 36.07, "lon": -94.17},
  "Arkansas State": {"lat": 35.84, "lon": -90.68},
  "Arkansas-Pine Bluff": {"lat": 34.23, "lon": -92.00},
  "Army": {"lat": 41.39, "lon": -73.95},
  "Auburn": {"lat": 32.60, "lon": -85.49},
  "Austin Peay": {"lat": 36.54, "lon": -87.35},
  "Ball State": {"lat": 40.21, "lon": -85.41},
  "Baylor": {"lat": 31.55, "lon": -97.12},
  "Bellarmine": {"lat": 38.21, "lon": -85.67},
  "Belmont": {"lat": 36.13, "lon": -86.79},
  "Bethune-Cookman": {"lat": 29.19, "lon": -81.05},
  "Binghamton": {"lat": 42.09, "lon": -75.97},
  "Boise State": {"lat": 43.60, "lon": -116.20},
  "Boston College": {"lat": 42.34, "lon": -71.17},
  "Boston University": {"lat": 42.35, "lon": -71.10},
  "Bowling Green": {"lat": 41.38, "lon": -83.63},
  "Bradley": {"lat": 40.70, "lon": -89.62},
  "Brigham Young": {"lat": 40.25, "lon": -111.65},
  "Brown": {"lat": 41.83, "lon": -71.40},
  "Bryant": {"lat": 41.87, "lon": -71.46},
  "Bucknell": {"lat": 40.95, "lon": -76.88},
  "Buffalo": {"lat": 43.00, "lon": -78.79},
  "Butler": {"lat": 39.84, "lon": -86.17},
  "Cal Poly": {"lat": 35.30, "lon": -120.66},
  "Cal State Bakersfield": {"lat": 35.35, "lon": -119.10},
  "Cal State Fullerton": {"lat": 33.88, "lon": -117.89},
  "Cal State Northridge": {"lat": 34.24, "lon": -118.53},
  "California": {"lat": 37.87, "lon": -122.26},
  "California Baptist": {"lat": 33.93, "lon": -117.43},
  "Campbell": {"lat": 35.43, "lon": -78.87},
  "Canisius": {"lat": 42.94, "lon": -78.85},
  "Central Arkansas": {"lat": 35.08, "lon": -92.46},
  "Central Connecticut State": {"lat": 41.69, "lon": -72.78},
  "Central Michigan": {"lat": 43.60, "lon": -84.77},
  "Charleston Southern": {"lat": 32.98, "lon": -80.06},
  "Charlotte": {"lat": 35.31, "lon": -80.73},
  "Chattanooga": {"lat": 35.05, "lon": -85.30},
  "Chicago State": {"lat": 41.72, "lon": -87.61},
  "Cincinnati": {"lat": 39.13, "lon": -84.52},
  "Clemson": {"lat": 34.68, "lon": -82.84},
  "Cleveland State": {"lat": 41.50, "lon": -81.67},
  "Coastal Carolina": {"lat": 33.79, "lon": -79.02},
  "Colgate": {"lat": 42.82, "lon": -75.54},
  "College of Charleston": {"lat": 32.78, "lon": -79.94},
  "Colorado": {"lat": 40.01, "lon": -105.27},
  "Colorado State": {"lat": 40.57, "lon": -105.08},
  "Columbia": {"lat": 40.81, "lon": -73.96},
  "Connecticut": {"lat": 41.81, "lon": -72.25},
  "Coppin State": {"lat": 39.34, "lon": -76.66},
  "Cornell": {"lat": 42.45, "lon": -76.48},
  "Creighton": {"lat": 41.26, "lon": -95.95},
  "Dartmouth": {"lat": 43.70, "lon": -72.29},
  "Davidson": {"lat": 35.50, "lon": -80.84},
  "Dayton": {"lat": 39.74, "lon": -84.18},
  "DePaul": {"lat": 41.92, "lon": -87.66},
  "Delaware": {"lat": 39.68, "lon": -75.75},
  "Delaware State": {"lat": 39.19, "lon": -75.54},
  "Denver": {"lat": 39.68, "lon": -104.96},
  "Detroit Mercy": {"lat": 42.42, "lon": -83.14},
  "Drake": {"lat": 41.60, "lon": -93.66},
  "Drexel": {"lat": 39.96, "lon": -75.19},
  "Duke": {"lat": 36.00, "lon": -78.94},
  "Duquesne": {"lat": 40.44, "lon": -79.99},
  "East Carolina": {"lat": 35.61, "lon": -77.37},
  "East Tennessee State": {"lat": 36.30, "lon": -82.37},
  "East Texas A&M": {"lat": 33.25, "lon": -95.93},
  "Eastern Illinois": {"lat": 39.48, "lon": -88.18},
  "Eastern Kentucky": {"lat": 37.75, "lon": -84.29},
  "Eastern Michigan": {"lat": 42.25, "lon": -83.62},
  "Eastern Washington": {"lat": 47.49, "lon": -117.58},
  "Elon": {"lat": 36.10, "lon": -79.50},
  "Evansville": {"lat": 37.97, "lon": -87.53},
  "FDU": {"lat": 40.98, "lon": -74.15},
  "Fairfield": {"lat": 41.17, "lon": -73.25},
  "Florida": {"lat": 29.65, "lon": -82.35},
  "Florida A&M": {"lat": 30.42, "lon": -84.28},
  "Florida Atlantic": {"lat": 26.37, "lon": -80.10},
  "Florida Gulf Coast": {"lat": 26.46, "lon": -81.77},
  "Florida International": {"lat": 25.76, "lon": -80.37},
  "Florida State": {"lat": 30.44, "lon": -84.30},
  "Fordham": {"lat": 40.86, "lon": -73.89},
  "Fresno State": {"lat": 36.81, "lon": -119.75},
  "Furman": {"lat": 34.93, "lon": -82.44},
  "Gardner-Webb": {"lat": 35.23, "lon": -81.68},
  "George Mason": {"lat": 38.83, "lon": -77.31},
  "George Washington": {"lat": 38.90, "lon": -77.05},
  "Georgetown": {"lat": 38.91, "lon": -77.07},
  "Georgia": {"lat": 33.95, "lon": -83.37},
  "Georgia Southern": {"lat": 32.42, "lon": -81.78},
  "Georgia State": {"lat": 33.75, "lon": -84.39},
  "Georgia Tech": {"lat": 33.77, "lon": -84.39},
  "Gonzaga": {"lat": 47.67, "lon": -117.40},
  "Grambling": {"lat": 32.53, "lon": -92.71},
  "Grand Canyon": {"lat": 33.51, "lon": -112.10},
  "Green Bay": {"lat": 44.53, "lon": -87.92},
  "Hampton": {"lat": 37.02, "lon": -76.34},
  "Harvard": {"lat": 42.38, "lon": -71.12},
  "Hawaii": {"lat": 21.30, "lon": -157.82},
  "High Point": {"lat": 35.97, "lon": -80.01},
  "Hofstra": {"lat": 40.72, "lon": -73.60},
  "Holy Cross": {"lat": 42.24, "lon": -71.81},
  "Houston": {"lat": 29.72, "lon": -95.34},
  "Houston Christian": {"lat": 29.73, "lon": -95.34},
  "Howard": {"lat": 38.92, "lon": -77.02},
  "IU Indy": {"lat": 39.77, "lon": -86.18},
  "Idaho": {"lat": 46.73, "lon": -117.01},
  "Idaho State": {"lat": 42.86, "lon": -112.43},
  "Illinois": {"lat": 40.10, "lon": -88.23},
  "Illinois State": {"lat": 40.51, "lon": -88.99},
  "Illinois-Chicago": {"lat": 41.87, "lon": -87.65},
  "Incarnate Word": {"lat": 29.46, "lon": -98.47},
  "Indiana": {"lat": 39.17, "lon": -86.52},
  "Indiana State": {"lat": 39.47, "lon": -87.41},
  "Iona": {"lat": 40.93, "lon": -73.79},
  "Iowa": {"lat": 41.66, "lon": -91.55},
  "Iowa State": {"lat": 42.03, "lon": -93.64},
  "Jackson State": {"lat": 32.30, "lon": -90.21},
  "Jacksonville": {"lat": 30.35, "lon": -81.60},
  "Jacksonville State": {"lat": 33.82, "lon": -85.77},
  "James Madison": {"lat": 38.44, "lon": -78.87},
  "Kansas": {"lat": 38.95, "lon": -95.25},
  "Kansas City": {"lat": 39.05, "lon": -94.57},
  "Kansas State": {"lat": 39.19, "lon": -96.58},
  "Kennesaw State": {"lat": 34.04, "lon": -84.58},
  "Kent State": {"lat": 41.15, "lon": -81.34},
  "Kentucky": {"lat": 38.03, "lon": -84.50},
  "La Salle": {"lat": 40.04, "lon": -75.15},
  "Lafayette": {"lat": 40.70, "lon": -75.21},
  "Lamar": {"lat": 30.06, "lon": -94.09},
  "Le Moyne": {"lat": 43.03, "lon": -76.06},
  "Lehigh": {"lat": 40.61, "lon": -75.38},
  "Liberty": {"lat": 37.35, "lon": -79.18},
  "Lindenwood": {"lat": 38.69, "lon": -90.38},
  "Lipscomb": {"lat": 36.11, "lon": -86.80},
  "Little Rock": {"lat": 34.73, "lon": -92.34},
  "Long Beach State": {"lat": 33.78, "lon": -118.11},
  "Long Island University": {"lat": 40.69, "lon": -73.98},
  "Longwood": {"lat": 37.30, "lon": -78.39},
  "Louisiana": {"lat": 30.21, "lon": -92.02},
  "Louisiana State": {"lat": 30.41, "lon": -91.18},
  "Louisiana Tech": {"lat": 32.53, "lon": -92.65},
  "Louisiana-Monroe": {"lat": 32.53, "lon": -92.08},
  "Louisville": {"lat": 38.22, "lon": -85.76},
  "Loyola (IL)": {"lat": 42.00, "lon": -87.66},
  "Loyola (MD)": {"lat": 39.35, "lon": -76.63},
  "Loyola Marymount": {"lat": 33.97, "lon": -118.42},
  "Maine": {"lat": 44.90, "lon": -68.67},
  "Manhattan": {"lat": 40.89, "lon": -73.90},
  "Marist": {"lat": 41.72, "lon": -73.93},
  "Marquette": {"lat": 43.04, "lon": -87.93},
  "Marshall": {"lat": 38.42, "lon": -82.43},
  "Maryland": {"lat": 38.99, "lon": -76.94},
  "Maryland-Baltimore County": {"lat": 39.25, "lon": -76.71},
  "Maryland-Eastern Shore": {"lat": 38.42, "lon": -75.61},
  "Massachusetts": {"lat": 42.39, "lon": -72.53},
  "Massachusetts-Lowell": {"lat": 42.65, "lon": -71.32},
  "McNeese State": {"lat": 30.21, "lon": -93.22},
  "Memphis": {"lat": 35.12, "lon": -89.94},
  "Mercer": {"lat": 32.83, "lon": -83.65},
  "Mercyhurst": {"lat": 42.10, "lon": -80.08},
  "Merrimack": {"lat": 42.73, "lon": -71.13},
  "Miami (FL)": {"lat": 25.71, "lon": -80.28},
  "Miami (OH)": {"lat": 39.51, "lon": -84.73},
  "Michigan": {"lat": 42.28, "lon": -83.74},
  "Michigan State": {"lat": 42.73, "lon": -84.48},
  "Middle Tennessee": {"lat": 35.85, "lon": -86.37},
  "Milwaukee": {"lat": 43.08, "lon": -87.88},
  "Minnesota": {"lat": 44.97, "lon": -93.23},
  "Mississippi": {"lat": 34.37, "lon": -89.54},
  "Mississippi State": {"lat": 33.45, "lon": -88.79},
  "Mississippi Valley State": {"lat": 33.49, "lon": -90.31},
  "Missouri": {"lat": 38.94, "lon": -92.33},
  "Missouri State": {"lat": 37.21, "lon": -93.28},
  "Monmouth": {"lat": 40.28, "lon": -74.00},
  "Montana": {"lat": 46.86, "lon": -113.99},
  "Montana State": {"lat": 45.67, "lon": -111.05},
  "Morehead State": {"lat": 38.19, "lon": -83.43},
  "Morgan State": {"lat": 39.34, "lon": -76.58},
  "Mount St. Mary's": {"lat": 39.70, "lon": -77.37},
  "Murray State": {"lat": 36.61, "lon": -88.32},
  "NC State": {"lat": 35.79, "lon": -78.68},
  "NJIT": {"lat": 40.74, "lon": -74.18},
  "Navy": {"lat": 38.98, "lon": -76.48},
  "Nebraska": {"lat": 40.82, "lon": -96.70},
  "Nevada": {"lat": 39.54, "lon": -119.82},
  "Nevada-Las Vegas": {"lat": 36.11, "lon": -115.14},
  "New Hampshire": {"lat": 43.13, "lon": -70.93},
  "New Haven": {"lat": 41.30, "lon": -72.96},
  "New Mexico": {"lat": 35.08, "lon": -106.62},
  "New Mexico State": {"lat": 32.28, "lon": -106.75},
  "New Orleans": {"lat": 30.03, "lon": -90.07},
  "Niagara": {"lat": 43.14, "lon": -79.04},
  "Nicholls State": {"lat": 29.79, "lon": -90.82},
  "Norfolk State": {"lat": 36.85, "lon": -76.27},
  "North Alabama": {"lat": 34.75, "lon": -87.58},
  "North Carolina": {"lat": 35.91, "lon": -79.05},
  "North Carolina A&T": {"lat": 36.07, "lon": -79.77},
  "North Carolina Central": {"lat": 35.97, "lon": -78.90},
  "North Dakota": {"lat": 47.92, "lon": -97.07},
  "North Dakota State": {"lat": 46.90, "lon": -96.80},
  "North Florida": {"lat": 30.27, "lon": -81.51},
  "North Texas": {"lat": 33.21, "lon": -97.15},
  "Northeastern": {"lat": 42.34, "lon": -71.09},
  "Northern Arizona": {"lat": 35.19, "lon": -111.65},
  "Northern Colorado": {"lat": 40.40, "lon": -104.70},
  "Northern Illinois": {"lat": 41.93, "lon": -88.77},
  "Northern Iowa": {"lat": 42.51, "lon": -92.46},
  "Northern Kentucky": {"lat": 39.03, "lon": -84.47},
  "Northwestern": {"lat": 42.06, "lon": -87.68},
  "Northwestern State": {"lat": 31.77, "lon": -93.10},
  "Notre Dame": {"lat": 41.70, "lon": -86.24},
  "Oakland": {"lat": 42.67, "lon": -83.22},
  "Ohio": {"lat": 39.32, "lon": -82.10},
  "Ohio State": {"lat": 40.01, "lon": -83.01},
  "Oklahoma": {"lat": 35.21, "lon": -97.45},
  "Oklahoma State": {"lat": 36.13, "lon": -97.07},
  "Old Dominion": {"lat": 36.89, "lon": -76.31},
  "Omaha": {"lat": 41.26, "lon": -96.01},
  "Oral Roberts": {"lat": 36.06, "lon": -95.95},
  "Oregon": {"lat": 44.05, "lon": -123.07},
  "Oregon State": {"lat": 44.56, "lon": -123.28},
  "Pacific": {"lat": 37.98, "lon": -121.31},
  "Penn State": {"lat": 40.80, "lon": -77.86},
  "Pennsylvania": {"lat": 39.95, "lon": -75.19},
  "Pepperdine": {"lat": 34.03, "lon": -118.71},
  "Pittsburgh": {"lat": 40.44, "lon": -79.96},
  "Portland": {"lat": 45.57, "lon": -122.73},
  "Portland State": {"lat": 45.51, "lon": -122.69},
  "Prairie View": {"lat": 30.09, "lon": -95.99},
  "Presbyterian": {"lat": 34.39, "lon": -81.43},
  "Princeton": {"lat": 40.35, "lon": -74.66},
  "Providence": {"lat": 41.84, "lon": -71.44},
  "Purdue": {"lat": 40.42, "lon": -86.91},
  "Purdue Fort Wayne": {"lat": 41.12, "lon": -85.11},
  "Queens (NC)": {"lat": 35.19, "lon": -80.83},
  "Quinnipiac": {"lat": 41.42, "lon": -72.89},
  "Radford": {"lat": 37.13, "lon": -80.56},
  "Rhode Island": {"lat": 41.48, "lon": -71.52},
  "Rice": {"lat": 29.72, "lon": -95.40},
  "Richmond": {"lat": 37.57, "lon": -77.54},
  "Rider": {"lat": 40.28, "lon": -74.75},
  "Robert Morris": {"lat": 40.52, "lon": -80.17},
  "Rutgers": {"lat": 40.50, "lon": -74.45},
  "SIU Edwardsville": {"lat": 38.79, "lon": -89.99},
  "Sacramento State": {"lat": 38.56, "lon": -121.42},
  "Sacred Heart": {"lat": 41.22, "lon": -73.24},
  "Saint Francis (PA)": {"lat": 40.60, "lon": -78.64},
  "Saint Joseph's": {"lat": 40.00, "lon": -75.24},
  "Saint Louis": {"lat": 38.64, "lon": -90.23},
  "Saint Mary's (CA)": {"lat": 37.84, "lon": -122.11},
  "Saint Peter's": {"lat": 40.73, "lon": -74.07},
  "Sam Houston": {"lat": 30.72, "lon": -95.55},
  "Samford": {"lat": 33.46, "lon": -86.79},
  "San Diego": {"lat": 32.77, "lon": -117.19},
  "San Diego State": {"lat": 32.77, "lon": -117.07},
  "San Francisco": {"lat": 37.78, "lon": -122.45},
  "San Jose State": {"lat": 37.34, "lon": -121.88},
  "Santa Clara": {"lat": 37.35, "lon": -121.94},
  "Seattle": {"lat": 47.61, "lon": -122.32},
  "Seton Hall": {"lat": 40.74, "lon": -74.25},
  "Siena": {"lat": 42.72, "lon": -73.75},
  "South Alabama": {"lat": 30.70, "lon": -88.18},
  "South Carolina": {"lat": 34.00, "lon": -81.02},
  "South Carolina State": {"lat": 33.50, "lon": -80.85},
  "South Carolina Upstate": {"lat": 34.93, "lon": -81.97},
  "South Dakota": {"lat": 42.79, "lon": -96.93},
  "South Dakota State": {"lat": 44.31, "lon": -96.79},
  "South Florida": {"lat": 28.06, "lon": -82.41},
  "Southeast Missouri State": {"lat": 37.31, "lon": -89.58},
  "Southeastern Louisiana": {"lat": 30.51, "lon": -90.47},
  "Southern": {"lat": 30.53, "lon": -91.19},
  "Southern California": {"lat": 34.02, "lon": -118.29},
  "Southern Illinois": {"lat": 37.72, "lon": -89.22},
  "Southern Indiana": {"lat": 37.96, "lon": -87.68},
  "Southern Methodist": {"lat": 32.84, "lon": -96.78},
  "Southern Mississippi": {"lat": 31.33, "lon": -89.33},
  "Southern Utah": {"lat": 37.67, "lon": -113.06},
  "St. Bonaventure": {"lat": 42.08, "lon": -78.47},
  "St. John's (NY)": {"lat": 40.72, "lon": -73.79},
  "St. Thomas": {"lat": 44.94, "lon": -93.19},
  "Stanford": {"lat": 37.43, "lon": -122.17},
  "Stephen F. Austin": {"lat": 31.62, "lon": -94.65},
  "Stetson": {"lat": 29.05, "lon": -81.30},
  "Stonehill": {"lat": 42.11, "lon": -71.12},
  "Stony Brook": {"lat": 40.91, "lon": -73.12},
  "Syracuse": {"lat": 43.04, "lon": -76.14},
  "TCU": {"lat": 32.71, "lon": -97.36},
  "Tarleton State": {"lat": 32.22, "lon": -98.22},
  "Temple": {"lat": 39.98, "lon": -75.16},
  "Tennessee": {"lat": 35.95, "lon": -83.93},
  "Tennessee State": {"lat": 36.17, "lon": -86.83},
  "Tennessee Tech": {"lat": 36.17, "lon": -85.51},
  "Tennessee-Martin": {"lat": 36.35, "lon": -88.86},
  "Texas": {"lat": 30.28, "lon": -97.73},
  "Texas A&M": {"lat": 30.61, "lon": -96.34},
  "Texas A&M-Corpus Christi": {"lat": 27.72, "lon": -97.32},
  "Texas Southern": {"lat": 29.72, "lon": -95.36},
  "Texas State": {"lat": 29.89, "lon": -97.94},
  "Texas Tech": {"lat": 33.59, "lon": -101.85},
  "Texas-Rio Grande Valley": {"lat": 26.31, "lon": -98.17},
  "The Citadel": {"lat": 32.80, "lon": -79.96},
  "Toledo": {"lat": 41.66, "lon": -83.61},
  "Towson": {"lat": 39.39, "lon": -76.61},
  "Troy": {"lat": 31.80, "lon": -85.96},
  "Tulane": {"lat": 29.94, "lon": -90.12},
  "Tulsa": {"lat": 36.15, "lon": -95.95},
  "UAB": {"lat": 33.50, "lon": -86.80},
  "UC Davis": {"lat": 38.54, "lon": -121.75},
  "UC Irvine": {"lat": 33.64, "lon": -117.84},
  "UC Riverside": {"lat": 33.97, "lon": -117.33},
  "UC San Diego": {"lat": 32.88, "lon": -117.24},
  "UC Santa Barbara": {"lat": 34.41, "lon": -119.85},
  "UCF": {"lat": 28.60, "lon": -81.20},
  "UCLA": {"lat": 34.07, "lon": -118.44},
  "UNC Asheville": {"lat": 35.62, "lon": -82.57},
  "UNC Greensboro": {"lat": 36.07, "lon": -79.81},
  "UNC Wilmington": {"lat": 34.23, "lon": -77.87},
  "UT Arlington": {"lat": 32.73, "lon": -97.11},
  "UTEP": {"lat": 31.77, "lon": -106.50},
  "UTSA": {"lat": 29.58, "lon": -98.62},
  "Utah": {"lat": 40.76, "lon": -111.84},
  "Utah State": {"lat": 41.74, "lon": -111.81},
  "Utah Tech": {"lat": 37.11, "lon": -113.57},
  "Utah Valley": {"lat": 40.28, "lon": -111.71},
  "VMI": {"lat": 37.79, "lon": -79.44},
  "Valparaiso": {"lat": 41.46, "lon": -87.04},
  "Vanderbilt": {"lat": 36.14, "lon": -86.80},
  "Vermont": {"lat": 44.48, "lon": -73.20},
  "Villanova": {"lat": 40.04, "lon": -75.34},
  "Virginia": {"lat": 38.03, "lon": -78.51},
  "Virginia Commonwealth": {"lat": 37.55, "lon": -77.45},
  "Virginia Tech": {"lat": 37.23, "lon": -80.42},
  "Wagner": {"lat": 40.62, "lon": -74.10},
  "Wake Forest": {"lat": 36.13, "lon": -80.28},
  "Washington": {"lat": 47.66, "lon": -122.31},
  "Washington State": {"lat": 46.73, "lon": -117.18},
  "Weber State": {"lat": 41.19, "lon": -111.95},
  "West Georgia": {"lat": 33.58, "lon": -85.10},
  "West Virginia": {"lat": 39.65, "lon": -79.95},
  "Western Carolina": {"lat": 35.31, "lon": -83.19},
  "Western Illinois": {"lat": 40.47, "lon": -90.68},
  "Western Kentucky": {"lat": 36.99, "lon": -86.46},
  "Western Michigan": {"lat": 42.28, "lon": -85.61},
  "Wichita State": {"lat": 37.72, "lon": -97.30},
  "William & Mary": {"lat": 37.27, "lon": -76.71},
  "Winthrop": {"lat": 34.94, "lon": -81.03},
  "Wisconsin": {"lat": 43.07, "lon": -89.41},
  "Wofford": {"lat": 34.95, "lon": -81.93},
  "Wright State": {"lat": 39.78, "lon": -84.06},
  "Wyoming": {"lat": 41.31, "lon": -105.57},
  "Xavier": {"lat": 39.15, "lon": -84.47},
  "Yale": {"lat": 41.31, "lon": -72.92},
  "Youngstown State": {"lat": 41.11, "lon": -80.65}
}
